Symbol,Net Profit (%),Win Rate (%),Profit Factor,Max Drawdown (%),Trades,Final Capital ($)
DOGEUSDT,108.92558374010859,53.75,6.010473609567491,2.41657923316635,80,2089.255837401086
ADAUSDT,90.04765028862121,67.0103092783505,8.242326362697565,2.6307028900035117,97,1900.476502886212
NEARUSDT,67.0517743202994,63.8095238095238,6.492110460554871,1.679983216498858,105,1670.517743202994
THETAUSDT,63.29287837243797,63.23529411764706,4.965914499226899,2.0308386846964313,136,1632.9287837243796
BNBUSDT,60.37016258309952,60.0,4.338437675457064,2.174967471493302,115,1603.7016258309952
ETHUSDT,58.41405254453878,70.43478260869566,4.583262981175817,2.107349714466301,115,1584.1405254453878
XRPUSDT,56.09106889974066,58.139534883720934,5.194309765358647,1.772350285565653,86,1560.9106889974066
FETUSDT,54.27886562044437,61.417322834645674,3.4704939712276865,2.2203933856402065,127,1542.7886562044437
RUNEUSDT,53.183235660732365,63.1578947368421,4.111552003417141,2.129095308117271,95,1531.8323566073236
ETCUSDT,51.84208786873889,57.26495726495726,3.608996954967886,3.2064470525871087,117,1518.420878687389
CAKEUSDT,50.88997319907212,60.91954022988506,4.805943675339742,2.0151573533233376,87,1508.8997319907212
ZECUSDT,50.50605524091172,58.06451612903226,3.1654186027542277,2.9689691012798645,93,1505.0605524091172
DASHUSDT,49.5819774042182,55.10204081632652,3.8621922266473394,2.52817942506025,98,1495.819774042182
SOLUSDT,47.41206917306192,56.41025641025641,2.8176485786415073,3.359378584738896,117,1474.1206917306192
BCHUSDT,46.35973715233029,60.0,4.002807507439949,2.4198708630003485,100,1463.5973715233029
MKRUSDT,46.292723629129526,54.65116279069767,3.674141344190523,3.122537954979696,86,1462.9272362912952
SHIBUSDT,46.22539666304842,59.25925925925925,5.315955899530923,2.0104151030668698,54,1462.2539666304842
AAVEUSDT,44.63748615533077,59.4059405940594,3.760817643491226,1.9828452290565992,101,1446.3748615533077
ORDIUSDT,44.09394556422599,59.375,13.263931538502352,1.0413375800841964,32,1440.9394556422599
ALGOUSDT,42.957914864740474,50.3875968992248,2.7641543870539143,2.9521077766526553,129,1429.5791486474047
CHZUSDT,42.23377650278769,50.4,3.104935866199002,2.414548122862793,125,1422.337765027877
LINKUSDT,42.22570441277205,63.63636363636363,4.341326316678974,2.0102272115926905,77,1422.2570441277205
AVAXUSDT,41.342716075067806,56.666666666666664,3.494732193966285,1.9356575012151365,90,1413.427160750678
QTUMUSDT,40.28644583272537,49.473684210526315,3.277776666603296,3.503219357910675,95,1402.8644583272537
ATOMUSDT,39.810589445396,59.166666666666664,3.043182135445252,2.3130025831726835,120,1398.10589445396
VETUSDT,38.87174345390629,61.53846153846154,3.280089614408111,2.3074568648157774,78,1388.7174345390629
LUNCUSDT,37.82500082837127,64.58333333333334,6.099377210940746,3.984365107669453,48,1378.2500082837128
MANAUSDT,37.802598794722826,53.84615384615385,2.7856622479513233,3.616921305702661,104,1378.0259879472283
JSTUSDT,37.025138480459006,51.31578947368421,3.1358420266600153,3.591158626665109,76,1370.25138480459
XLMUSDT,35.07044536370488,46.25,3.4694507670974493,2.0916028746067354,80,1350.7044536370488
INJUSDT,35.06805564313895,58.44155844155844,6.535080862799891,0.9327314916310571,77,1350.6805564313895
DOTUSDT,33.18780551836089,59.22330097087378,3.0597112704644847,2.5596878693015834,103,1331.878055183609
BTCUSDT,31.69663429509019,55.35714285714286,2.877082005786964,2.8872769720968314,112,1316.966342950902
HBARUSDT,31.62337868395275,50.0,2.3467582314438986,3.2603035862169762,100,1316.2337868395275
LTCUSDT,30.512725345149327,60.83333333333333,1.9592837319229888,3.7092417888947153,120,1305.1272534514933
WLDUSDT,28.92162521462544,56.81818181818182,3.9867867220021176,2.964634603540585,44,1289.2162521462544
TRXUSDT,28.57818968578879,53.17460317460318,2.60011490004054,2.132520654759582,126,1285.781896857888
FILUSDT,28.205735688881123,57.377049180327866,3.8097853174870924,2.0927385363996582,61,1282.0573568888112
BONKUSDT,28.143717673946593,74.28571428571429,9.721679571242404,1.0688762489621975,35,1281.437176739466
EOSUSDT,27.66773376923336,56.17977528089888,2.3833322587254555,3.424540891399345,89,1276.6773376923336
NEOUSDT,27.310505529989946,50.48543689320388,2.4503194803845885,2.4630030241213507,103,1273.1050552998995
RAYUSDT,26.506025900738994,50.847457627118644,2.8050189659341123,5.9712859957673885,59,1265.06025900739
SAGAUSDT,25.96556264148326,56.25,11.06048092335962,1.3174307132642924,16,1259.6556264148326
CFXUSDT,25.747699641474014,47.05882352941176,3.1670440299014757,3.4245069843897893,51,1257.4769964147401
ZENUSDT,25.243747226781053,57.99999999999999,3.192265164926569,3.205294500982328,50,1252.4374722678106
PEPEUSDT,22.638243371559067,48.93617021276596,3.196547464027799,3.514390209679836,47,1226.3824337155907
UNIUSDT,22.59427060351868,53.16455696202531,2.1378391308840268,2.1759505089195534,79,1225.9427060351868
OPUSDT,22.40231311691457,58.18181818181818,3.167396937297754,2.5870267924884183,55,1224.0231311691457
AXSUSDT,22.30777554437709,50.0,2.10491672495413,4.040325221843961,82,1223.077755443771
TRBUSDT,21.172967042518007,48.38709677419355,2.2356675713074687,1.773120736460085,93,1211.72967042518
WBETHUSDT,20.981026903104247,70.83333333333334,10.92268746983997,0.5758883429630799,48,1209.8102690310425
ICPUSDT,20.962666677862057,53.42465753424658,1.9356457007581596,5.724447219301543,73,1209.6266667786206
COMPUSDT,19.57621951702788,52.5,2.073413844843662,6.582587597887329,80,1195.7621951702788
FLOKIUSDT,18.92561086195992,43.75,4.10393017827475,2.1419432258773092,32,1189.2561086195992
GALAUSDT,18.858959284684534,51.92307692307693,2.8559352640050704,2.2258551202847454,52,1188.5895928468453
SNXUSDT,18.802664906276643,48.275862068965516,1.7881312838382772,6.4338466509650845,116,1188.0266490627664
ROSEUSDT,18.337123358483588,47.22222222222222,1.8282649675714047,3.485960491250421,108,1183.3712335848359
SUIUSDT,18.231273142464964,54.71698113207547,3.0758838042752985,2.4382255837636344,53,1182.3127314246497
SEIUSDT,18.067581908164378,68.57142857142857,4.260073634681222,1.6439774002441554,35,1180.6758190816438
APTUSDT,17.675484268896753,54.90196078431373,3.7126342239316954,1.4075115414162775,51,1176.7548426889675
LDOUSDT,17.44543687479029,52.63157894736842,2.3934466015951115,3.050176206682734,57,1174.454368747903
CRVUSDT,15.546326539971437,57.534246575342465,1.9245446691435955,5.336244325448873,73,1155.4632653997144
RIFUSDT,15.20762497222654,40.0,2.0308828192644115,5.009842473093784,75,1152.0762497222654
GRTUSDT,14.706116109882078,55.55555555555556,1.8048765099477997,4.966444379282469,81,1147.0611610988208
PORTALUSDT,14.282441188826919,52.63157894736842,9.214668046203752,1.430505189302349,19,1142.8244118882692
ARBUSDT,13.892988217562651,63.26530612244898,2.3659523308612203,3.0866181920637903,49,1138.9298821756265
DEXEUSDT,13.840465382325783,46.42857142857143,2.088247033644109,3.235688669568515,56,1138.4046538232578
ENJUSDT,13.819009723190835,48.888888888888886,1.485200078330966,6.902431114734292,90,1138.1900972319083
DYDXUSDT,13.607138265709567,52.23880597014925,2.0903973455156506,3.073163942450206,67,1136.0713826570957
TIAUSDT,13.182136163068437,51.85185185185185,3.3420975020914128,2.0092536654003093,27,1131.8213616306844
PENDLEUSDT,12.611311063443646,59.57446808510638,2.987088084179763,2.0255909603756725,47,1126.1131106344365
MOVRUSDT,12.296813530090708,45.714285714285715,3.3401941238915507,2.972984203859995,35,1122.968135300907
WIFUSDT,12.28766083559692,70.83333333333334,7.080399041371002,1.0953777462457137,24,1122.8766083559692
TAOUSDT,11.71232787766976,60.0,3.050036761782477,2.1456398033710684,40,1117.1232787766976
IOTAUSDT,11.481109683448654,56.57894736842105,1.7128920063531337,3.631082816567059,76,1114.8110968344865
IOUSDT,9.602839608078853,55.55555555555556,5.988175671673577,1.0598955747854921,18,1096.0283960807885
WBTCUSDT,9.588092376282589,50.0,2.3345798585869044,1.709570795618352,58,1095.880923762826
PHAUSDT,9.364572878645026,40.98360655737705,1.8002248842276898,4.750902570665232,61,1093.6457287864503
ARUSDT,8.700468048564721,51.11111111111111,1.946730610381955,5.4895602309604214,45,1087.0046804856472
MEMEUSDT,8.18178130623619,62.5,3.6688972477814854,1.3207876530913951,24,1081.817813062362
PYTHUSDT,7.4349518110481085,44.44444444444444,3.1034005032092837,1.4327885503862723,27,1074.349518110481
ENAUSDT,7.403087543211131,50.0,3.403245560051349,1.3283205748417328,24,1074.0308754321113
BOMEUSDT,7.041819043145938,66.66666666666666,2.2750141824214105,2.081293686934521,24,1070.4181904314594
ZKUSDT,5.954865553048784,54.166666666666664,2.6717094160369084,2.1562413490525802,24,1059.5486555304878
STRKUSDT,5.9524619672368315,58.333333333333336,2.233845270172693,2.4367564118021856,24,1059.5246196723683
WUSDT,5.465943531348808,47.61904761904761,2.6033402334064664,1.139865131732911,21,1054.659435313488
ZROUSDT,5.0734391164012775,44.827586206896555,1.5942354745692902,2.9197330858823536,29,1050.7343911640128
ALTUSDT,4.462908833914594,52.38095238095239,2.488987313185922,1.257916580502591,21,1044.629088339146
EDUUSDT,4.40060408005238,37.5,1.370651607933596,3.608770037784609,48,1044.0060408005238
EGLDUSDT,3.9942646330049456,60.0,2.0034521488628165,2.2936160399310594,15,1039.9426463300495
IDUSDT,3.972350801851553,43.333333333333336,1.373651453828591,3.259495217898236,30,1039.7235080185155
VICUSDT,3.8958370354940146,38.88888888888889,1.733477472317871,2.7351069475659577,18,1038.9583703549401
APEUSDT,3.7028965822742297,42.0,1.318784558427028,3.1487752897363213,50,1037.0289658227423
PSGUSDT,3.1850227242535762,35.84905660377358,1.3726269873171268,2.180980779834729,53,1031.8502272425358
FIDAUSDT,3.014513053728183,32.075471698113205,1.2255262078199927,5.940880160671978,53,1030.1451305372818
DYMUSDT,2.197885497720415,57.89473684210527,1.3762409964410685,3.716068378363216,19,1021.9788549772042
JTOUSDT,1.0012537267377979,45.45454545454545,1.0865337005094768,3.772249094694255,44,1010.012537267378
SANDUSDT,0.3152888655748939,20.0,1.1197818999293965,1.3331200390959104,10,1003.1528886557489
ARKMUSDT,0.25719404926351214,33.33333333333333,1.0584801796811452,2.2627916739928313,24,1002.5719404926351
KAVAUSDT,0.17255880592902031,41.07142857142857,1.015318709006955,4.2732118876431615,56,1001.7255880592902
ETHFIUSDT,-0.612402390806551,50.0,0.9213292525841786,4.001084852410451,26,993.8759760919345
