symbol,net_profit_pct,win_rate_pct,profit_factor,max_drawdown_pct,total_trades,volatility_atr_pct,daily_volatility_std,avg_volume_usd,categoria
DOGEUSDT,3181.571005252008,40.97222222222222,3.441986295925503,29.224525307974965,144,9.361068306271614,10.30897131945946,297233566.8995518,Alto Rendimiento
ADAUSDT,547.2079198177717,44.38502673796791,1.9036954539268445,30.510748394743963,187,8.206707002293886,5.284708005315746,161858695.91410747,Alto Rendimiento
AXSUSDT,228.58324713440825,34.193548387096776,1.584153212480982,62.508829379595895,155,10.169912090947355,7.331300960982529,36969762.62813238,Alto Rendimiento
XRPUSDT,208.49829202467797,33.5483870967742,1.5888233250872752,37.84150978996517,155,7.116154690864492,5.444964917588095,332968303.6615636,Alto Rendimiento
SHIBUSDT,192.62016358879265,33.6734693877551,1.8776910350410474,27.348861201886827,98,9.429167059669314,6.061372138871539,155538602.58346075,Alto Rendimiento
BNBUSDT,162.37768458611112,36.77685950413223,1.5304048230871832,30.926833470601323,242,5.107687237881128,4.396241434787738,294488019.5487751,Alto Rendimiento
FILUSDT,162.21559839490303,40.15748031496063,1.6038655003140883,27.642472253379275,127,11.356799800986854,6.118791643759655,68435811.46914513,Alto Rendimiento
DASHUSDT,155.98414682588955,36.41304347826087,1.4893061872327091,49.983184326795524,184,9.438620179911075,5.871010079572104,14377734.008362716,Alto Rendimiento
XLMUSDT,117.9618660377749,34.07821229050279,1.4637577774471844,40.93313791831444,179,8.297781463019351,5.479394390709682,36727240.96405441,Alto Rendimiento
GALAUSDT,110.53674966447244,43.51851851851852,1.51927248593728,39.831567556070944,108,12.444309595003372,7.303077496544999,59486579.54022876,Alto Rendimiento
CAKEUSDT,81.53312339052235,41.66666666666667,1.3936433409220836,45.62350561469189,144,9.694401052379625,5.456588786401652,28876740.157256432,Alto Rendimiento
PEPEUSDT,74.38461199873713,39.743589743589745,1.516769698437447,34.01861197730563,78,10.610980428524703,7.154681234295221,194176247.1101228,Alto Rendimiento
LUNCUSDT,70.21841582467987,43.47826086956522,1.6667420790180574,40.6892056036565,69,9.426599515621085,5.955838791332585,17125788.15584864,Alto Rendimiento
ETHUSDT,65.25954324625957,42.561983471074385,1.2918775031689151,25.557032246524606,242,5.8472706414522655,4.27570944768102,1195272459.552318,Alto Rendimiento
AVAXUSDT,61.22844346603986,41.45077720207254,1.299583191782694,45.18354512905199,193,9.627019915693404,6.098212425155259,92987755.99792857,Alto Rendimiento
SAGAUSDT,54.519852766402686,39.473684210526315,1.8372439892291448,35.37671427421421,38,13.566189746109355,7.501225540915509,14715837.870617304,Alto Rendimiento
ORDIUSDT,54.244908618287134,32.3943661971831,1.9716644419138898,64.94764462686953,71,11.528572794054426,8.820737068191425,48291981.81123015,Alto Rendimiento
ZECUSDT,53.29230481395331,36.44859813084112,1.2702744939744155,65.32042202431393,214,10.911652853167752,6.054602473189544,37256510.470205545,Alto Rendimiento
MKRUSDT,49.14431821807901,37.01298701298701,1.285799879829821,44.80979878051609,154,8.679308045590865,5.460571010818912,11897287.899427379,Alto Rendimiento
WLDUSDT,42.04205325627601,34.72222222222222,1.4052512263966708,34.92207147839638,72,12.005516733337315,7.320841319704169,63432865.692914866,Alto Rendimiento
RAYUSDT,36.745127062964926,38.613861386138616,1.2909016876889374,41.94088843775942,101,11.032463703299936,6.769544871777325,10962330.049045896,Alto Rendimiento
SOLUSDT,34.71291477099483,38.604651162790695,1.1736148436498048,39.22101484116083,215,7.7620059496474285,6.079777979984597,387576590.8226625,Alto Rendimiento
FLOKIUSDT,19.61843106811304,37.66233766233766,1.2429549920636354,30.505433096730307,77,10.904328558679206,6.612483727186651,39141550.21885939,Alto Rendimiento
VETUSDT,17.36260665124535,39.351851851851855,1.1253207340660603,46.15736327809859,216,10.112545408045467,5.627743110682187,42550139.82630935,Alto Rendimiento
MANAUSDT,16.89427206558736,28.387096774193548,1.2885244891699608,60.30637415659443,155,10.280341383065316,6.994880908072261,38009751.61640273,Alto Rendimiento
MOVRUSDT,14.484358235886758,23.75,1.5397094362925785,64.76576866112387,80,12.142391061312589,7.28389968676557,4668186.355926853,Alto Rendimiento
CHZUSDT,12.978136798567357,37.5,1.180584086400774,59.704377356285875,200,10.932452440799896,6.587712850636398,40056347.46111763,Alto Rendimiento
PORTALUSDT,11.552815161480686,34.883720930232556,1.2633433856621081,49.07362236133956,43,13.079031512159123,9.030461190134075,7276528.043063961,Alto Rendimiento
WBETHUSDT,11.037607160847184,45.45454545454545,1.186586357602816,13.598690995006743,99,5.5041680908717625,3.45184587220064,3481714.132719782,Alto Rendimiento
TRXUSDT,7.294614450155386,37.30769230769231,1.152397459088374,43.903386350073234,260,3.893715237017681,4.444881018564942,85403983.53435512,Alto Rendimiento
OPUSDT,3.918990776297032,42.71844660194174,1.090316514425933,56.56660807885312,103,9.406210998053211,6.234037671521161,37762856.08188978,Alto Rendimiento
SUIUSDT,-2.4156289645484685,38.46153846153847,1.05398746227026,46.082942841857474,91,8.921838252633083,5.466553558077624,119229238.98016351,Alto Rendimiento
SEIUSDT,-3.074350948320389,40.25974025974026,1.0518447791066206,30.322484461759498,77,10.099430830791217,5.900000722623395,38245475.90632507,Alto Rendimiento
RUNEUSDT,-3.930901440996131,39.15094339622642,1.0542401830066948,55.60982602865373,212,11.752063256727634,6.888771270582521,37230045.265367255,Alto Rendimiento
WIFUSDT,-5.4636503444843765,44.89795918367347,0.9984787310488797,27.200348411691532,49,13.026161880061782,7.380213675924609,96516065.09674151,Rendimiento Medio
ENAUSDT,-7.36220256875129,40.35087719298245,1.001790772359845,29.518528889110797,57,12.17470034241774,7.1059832218006385,84053503.10505147,Rendimiento Medio
STRKUSDT,-7.988055687561101,33.33333333333333,1.0178791858249419,28.278085290020382,48,11.767754146905768,5.903760975094998,20581215.581277147,Rendimiento Medio
ARKMUSDT,-9.03401758368207,35.2112676056338,1.0275969467624606,48.451729716803364,71,11.458712270928636,6.5019205662240775,16368833.7596609,Rendimiento Medio
BCHUSDT,-9.17812114264394,33.87978142076503,1.0427449264651776,34.70451091492976,183,7.483127997284121,5.116807336230712,49132000.28806794,Rendimiento Medio
BTCUSDT,-11.625082021718336,34.97942386831276,0.9846324810527507,41.66778501826137,243,4.200375951877768,3.18833888334141,2293323284.5113454,Rendimiento Medio
DOTUSDT,-14.666284244635062,38.333333333333336,1.004097131345021,51.04060245618254,180,9.307633997516081,5.383297619399848,110828524.03091082,Rendimiento Medio
LINKUSDT,-14.685053861757751,38.793103448275865,1.0181919919052709,52.237708848839816,232,8.809723262822517,5.470642131382792,90921499.32821429,Rendimiento Medio
ZKUSDT,-16.850737839301765,26.666666666666668,0.869187397719815,30.2746795878954,45,10.342706175316415,6.491773323266664,13117853.50825954,Rendimiento Medio
WBTCUSDT,-17.12592989738056,28.18181818181818,0.7979749708486042,32.633957846777264,110,3.8395883982406467,2.4061178373019474,6153487.896760112,Rendimiento Medio
COMPUSDT,-18.058690782682188,38.88888888888889,1.0055478876513548,49.546984942077366,144,10.651335524163304,5.620488676350375,9792650.500692608,Rendimiento Medio
PYTHUSDT,-18.898029863739303,32.78688524590164,0.8769858762238794,40.958162407270876,61,9.743494820385214,6.457559870861157,11728859.697883634,Rendimiento Medio
ZROUSDT,-24.33836910147135,36.0,0.8127370418004036,40.0258106086102,50,10.193967792286587,5.916751770546738,16503996.118194385,Rendimiento Medio
APTUSDT,-26.186150352485864,30.392156862745097,0.9250771597217229,62.632013065271074,102,9.623736757400781,5.32442921436351,40520427.57098789,Rendimiento Medio
TIAUSDT,-28.14636285126108,36.0655737704918,0.8593257186495925,45.06017305672963,61,10.538449240219636,6.525987356338309,34460036.82397368,Rendimiento Medio
QTUMUSDT,-28.83629340872002,31.550802139037433,0.9765472674615614,63.25548106236428,187,10.137615527677157,5.676383392195769,10905006.02844552,Rendimiento Medio
ATOMUSDT,-29.540388338245055,38.297872340425535,0.9353602305016284,52.616619497904004,188,9.387092409687458,5.539647137500641,36802005.784567244,Rendimiento Medio
ETCUSDT,-30.088964360025567,33.69565217391305,0.9659819519282125,43.88778903908504,184,8.544569214997159,5.360217260952622,53064850.31501714,Rendimiento Medio
ARBUSDT,-30.368382610175015,37.77777777777778,0.7766170624774875,49.519160801868615,90,7.876457981102165,4.902415284042159,64234968.31780105,Rendimiento Medio
CFXUSDT,-33.90650934158032,28.57142857142857,1.0461384711689812,66.97249670816093,105,11.436476338520809,8.198116387717675,16205361.580810959,Rendimiento Medio
NEARUSDT,-33.912906498240375,40.21739130434783,0.9484190255173253,58.001605847204154,184,10.610455158971442,6.433545868185514,57616986.99494567,Rendimiento Medio
PENDLEUSDT,-34.15066243700927,36.734693877551024,0.8017652009424339,59.067992759596855,98,9.637218348825227,5.972410285314484,16848547.167811874,Rendimiento Medio
AAVEUSDT,-34.64796111815001,33.146067415730336,0.9405801348816288,47.1344127772504,178,9.531936656040338,5.767232392545645,35334651.84928179,Rendimiento Medio
NEOUSDT,-39.62564231646485,35.51912568306011,0.8875235273910772,48.79382902718761,183,9.608786812824492,5.316976157974444,16389412.263609765,Rendimiento Medio
INJUSDT,-39.67120901977783,37.362637362637365,0.928289897507983,54.13765305060223,182,10.496256999594308,6.735475681476862,19043503.394487675,Rendimiento Medio
IOUSDT,-40.94764962819086,36.95652173913043,0.6446001625437421,44.78965988685722,46,12.604011827623959,6.637916426374579,16834160.955787238,Rendimiento Medio
BONKUSDT,-41.522429277113474,36.231884057971016,0.8500489853811385,63.14763839048197,69,12.03425953755921,6.967628356042425,56045645.729609855,Rendimiento Medio
MEMEUSDT,-41.80782879919717,30.76923076923077,0.7455718665398674,48.071036625929544,52,12.91699647345322,7.33014945960448,20020548.64561518,Rendimiento Medio
EGLDUSDT,-41.8360491980911,37.72455089820359,0.8958115353574507,77.9657636421006,167,9.824926503496654,5.414285027859043,18656472.8547364,Rendimiento Medio
THETAUSDT,-42.99120402025734,36.36363636363637,0.8978199486464348,62.02817398978716,209,10.98575436329364,5.9829582703560975,27097858.545610685,Rendimiento Medio
SANDUSDT,-44.482702387191495,30.67484662576687,0.9548398505879527,64.20443603634676,163,10.576687689100654,7.168284094935376,49366565.01571782,Rendimiento Medio
GRTUSDT,-45.41915939656328,37.34177215189873,0.867457124195147,55.62413176835486,158,12.109258881284958,7.153498201675879,24091611.8994273,Rendimiento Medio
LDOUSDT,-46.29319791945993,32.69230769230769,0.7591713024648893,56.58907393259594,104,10.116113923283798,6.288829533495438,19719849.29967423,Rendimiento Medio
TAOUSDT,-48.327319530508895,30.985915492957744,0.5542636616393224,50.40193193890454,71,9.87347420309787,5.620825766242725,43032331.58445592,Bajo Rendimiento
EOSUSDT,-49.076650100423095,32.48407643312102,0.7912444989831365,69.14663672050385,157,9.293123499689079,5.472143203538948,54373329.63640466,Bajo Rendimiento
ZENUSDT,-53.52207740906998,30.681818181818183,0.9074513521778319,76.0975860224143,176,11.846093060574464,6.733893011618849,9817470.157040443,Bajo Rendimiento
UNIUSDT,-54.80180188540198,36.64596273291926,0.7969689484325376,61.87537912077278,161,9.543356187684259,6.346568519766913,43363623.82873811,Bajo Rendimiento
LTCUSDT,-55.01919936329889,35.18518518518518,0.7730579554246648,60.38648197900037,216,7.521829068645132,4.580019264448019,84521075.70490956,Bajo Rendimiento
APEUSDT,-55.03619687780007,28.57142857142857,0.7634581321384379,62.55454650299782,105,11.344143537033249,6.251854890935128,36358335.65987324,Bajo Rendimiento
DYMUSDT,-57.31490306206778,37.5,0.5234354144098673,57.31490306206778,40,11.324123836712706,7.1233834129088205,7075069.551841188,Bajo Rendimiento
HBARUSDT,-59.744885404917156,34.68208092485549,0.8513560162213415,84.09591251501543,173,9.675412523955213,6.621049381282129,27053609.362869106,Bajo Rendimiento
FETUSDT,-60.26043705349363,36.96682464454976,0.8672844966410214,73.97930965757294,211,10.89605016458333,7.111019491955184,26065453.06739049,Bajo Rendimiento
IDUSDT,-60.58691622613347,29.333333333333332,0.6742755275582811,69.84500526532335,75,9.936578370100595,6.222044285612773,10796822.239432547,Bajo Rendimiento
VICUSDT,-60.60151214246322,28.947368421052634,0.5839791334740816,60.60151214246322,38,9.789543764910398,6.5740109273762615,2304144.7690597093,Bajo Rendimiento
ALGOUSDT,-61.17110243940241,30.04484304932735,0.8271804190941249,78.82501036615473,223,10.35366773127789,5.6642495006167,22820708.6790783,Bajo Rendimiento
ARUSDT,-61.59615136614084,28.965517241379313,0.7766621697344025,65.75502857734944,145,11.82378561555481,6.7774056780431176,14476064.46370537,Bajo Rendimiento
BOMEUSDT,-62.772468989246455,35.84905660377358,0.5238961725725855,62.772468989246455,53,12.83247663539931,6.827560777514768,46454438.52649637,Bajo Rendimiento
WUSDT,-65.0159312186228,20.754716981132077,0.34814132359985667,65.0159312186228,53,12.371170305814633,6.014516542432605,12200324.267116344,Bajo Rendimiento
JSTUSDT,-65.72371208824154,33.75,0.7092569333278701,68.87528670188755,160,7.846379341252082,5.006296222090087,6516578.541087098,Bajo Rendimiento
ALTUSDT,-65.80312822774323,33.33333333333333,0.43359288647392785,66.51056135206866,51,11.735966118502006,6.069667315435883,15002725.20503706,Bajo Rendimiento
ETHFIUSDT,-66.8492551445846,25.862068965517242,0.321334575925394,72.61631016109324,58,11.90303171003966,6.909615286201769,30408656.04857892,Bajo Rendimiento
ICPUSDT,-67.60758500105072,29.166666666666668,0.7089088247213609,67.60758500105072,144,22.775873162679225,5.821196434219292,36041828.15799644,Bajo Rendimiento
ENJUSDT,-67.95958995298513,32.0855614973262,0.7661856018457706,77.23332887683522,187,11.43327779343421,6.4105308130623,16059512.247144047,Bajo Rendimiento
IOTAUSDT,-68.09914750614257,32.33830845771145,0.7680923261951168,75.33176602067412,201,10.08010484027118,5.416454912321305,11342602.216947043,Bajo Rendimiento
PHAUSDT,-73.20487693217686,26.53061224489796,0.637692827999366,76.36403861200075,98,10.168819719856304,7.52716989427318,4380355.163809771,Bajo Rendimiento
JTOUSDT,-77.87300148745662,26.027397260273972,0.38460595654308816,79.65627039487524,73,11.02718882453481,6.713775961352549,18491510.402442794,Bajo Rendimiento
EDUUSDT,-78.3800442543096,22.666666666666664,0.37549600607290445,80.20651667603029,75,9.711973569788523,6.050468641714766,7246524.897516619,Bajo Rendimiento
DYDXUSDT,-79.63031347206815,30.49645390070922,0.49276920296335114,83.30077099785666,141,11.656495537631727,6.122336223246321,25511800.335190684,Bajo Rendimiento
FIDAUSDT,-84.68109311692588,27.27272727272727,0.386924396482733,89.68917092329919,77,18.323459171668528,7.879730874597583,4770823.187663555,Bajo Rendimiento
TRBUSDT,-85.09913505826549,30.357142857142854,0.6414401731491222,89.55794287862207,168,12.575698828539212,7.803408626622564,11987484.004397217,Bajo Rendimiento
DEXEUSDT,-87.64314670475777,35.57692307692308,0.5150683146745165,90.14727064481049,104,10.496863971410402,7.326610418490498,3125557.0254203104,Bajo Rendimiento
ROSEUSDT,-88.31106372561517,30.864197530864196,0.5402713536214306,88.97063552594314,162,11.700755488118812,6.4215261605871685,15545419.599748155,Bajo Rendimiento
CRVUSDT,-88.43170103787715,31.443298969072163,0.5030462535671973,88.9225392999057,194,13.252997291632948,7.129232325074524,29286524.131804448,Bajo Rendimiento
PSGUSDT,-91.34442054860217,25.842696629213485,0.2942067701570026,91.59905139559426,89,11.34608106848765,5.362497593182359,4265634.130559972,Bajo Rendimiento
KAVAUSDT,-92.15982605441036,28.021978021978022,0.4806017977481709,92.38845504872943,182,11.149363980344445,5.936597285205527,11283749.029934565,Bajo Rendimiento
RIFUSDT,-93.1876860357567,31.03448275862069,0.5963431446393018,95.00788340113726,145,9.736939145032066,6.592704588505207,2306959.7980320277,Bajo Rendimiento
SNXUSDT,-94.7190275616802,29.78723404255319,0.4966978425188913,96.54730832778432,188,11.857221894421327,6.684921100632045,11316326.173049549,Bajo Rendimiento
